,year,Ewltp (g/km)
0,2017,126.9639751552795
1,2018,148.0279314793932
2,2019,114.93516180819707
3,2020,114.93516180819707
4,2021,114.93516180819707
