Ft,Ewltp (g/km)
diesel,144.47525493230071
diesel-electric,39.10674943344172
e85,159.59791955617197
electric,0.0
lpg,121.09161446568707
ng,104.9206877142711
ng-biomethane,113.21934891047519
other,123.0941504178273
petrol,134.4515871964906
petrol-electric,41.88456812110419
